{"name":null,"assets":[{"path":"symbols/1.png","type":"IMAGE"},{"path":"symbols/26.png","type":"IMAGE"},{"path":"symbols/29.png","type":"IMAGE"},{"path":"symbols/10.png","type":"IMAGE"},{"path":"symbols/19.png","type":"IMAGE"},{"path":"symbols/22.png","type":"IMAGE"},{"path":"symbols/15.png","type":"IMAGE"},{"path":"symbols/4.png","type":"IMAGE"},{"path":"symbols/7.png","type":"IMAGE"},{"path":"data.json","type":"TEXT"}],"rootPath":null,"version":3,"libraryArgs":["data.json","NSRtXjEQUGEA5hU9HV7j"],"libraryType":"swf.exporters.animate.AnimateLibrary"}