{"name":null,"assets":[{"path":"symbols/306.png","type":"IMAGE"},{"path":"symbols/309.png","type":"IMAGE"},{"path":"symbols/312.png","type":"IMAGE"},{"path":"symbols/315.png","type":"IMAGE"},{"path":"symbols/318.png","type":"IMAGE"},{"path":"symbols/321.png","type":"IMAGE"},{"path":"symbols/324.png","type":"IMAGE"},{"path":"symbols/327.png","type":"IMAGE"},{"path":"symbols/330.png","type":"IMAGE"},{"path":"symbols/333.png","type":"IMAGE"},{"path":"symbols/295.png","type":"IMAGE"},{"path":"symbols/297.png","type":"IMAGE"},{"path":"symbols/299.png","type":"IMAGE"},{"path":"symbols/301.png","type":"IMAGE"},{"path":"symbols/286.png","type":"IMAGE"},{"path":"symbols/289.png","type":"IMAGE"},{"path":"symbols/291.png","type":"IMAGE"},{"path":"symbols/1.png","type":"IMAGE"},{"path":"symbols/4.png","type":"IMAGE"},{"path":"symbols/7.png","type":"IMAGE"},{"path":"symbols/153.png","type":"IMAGE"},{"path":"symbols/156.png","type":"IMAGE"},{"path":"symbols/160.png","type":"IMAGE"},{"path":"symbols/165.png","type":"IMAGE"},{"path":"symbols/170.png","type":"IMAGE"},{"path":"symbols/175.png","type":"IMAGE"},{"path":"symbols/279.png","type":"IMAGE"},{"path":"symbols/282.png","type":"IMAGE"},{"path":"symbols/181.png","type":"IMAGE"},{"path":"symbols/180.png","type":"IMAGE"},{"path":"symbols/183.png","type":"IMAGE"},{"path":"symbols/186.png","type":"IMAGE"},{"path":"symbols/188.png","type":"IMAGE"},{"path":"symbols/192.png","type":"IMAGE"},{"path":"symbols/21.png","type":"IMAGE"},{"path":"symbols/196.png","type":"IMAGE"},{"path":"symbols/200.png","type":"IMAGE"},{"path":"symbols/204.png","type":"IMAGE"},{"path":"symbols/37.png","type":"IMAGE"},{"path":"symbols/214.png","type":"IMAGE"},{"path":"symbols/217.png","type":"IMAGE"},{"path":"symbols/220.png","type":"IMAGE"},{"path":"symbols/224.png","type":"IMAGE"},{"path":"symbols/227.png","type":"IMAGE"},{"path":"symbols/230.png","type":"IMAGE"},{"path":"symbols/234.png","type":"IMAGE"},{"path":"symbols/238.png","type":"IMAGE"},{"path":"symbols/241.png","type":"IMAGE"},{"path":"symbols/244.png","type":"IMAGE"},{"path":"symbols/248.png","type":"IMAGE"},{"path":"symbols/251.png","type":"IMAGE"},{"path":"symbols/254.png","type":"IMAGE"},{"path":"symbols/258.png","type":"IMAGE"},{"path":"symbols/262.png","type":"IMAGE"},{"path":"symbols/265.png","type":"IMAGE"},{"path":"symbols/11.png","type":"IMAGE"},{"path":"symbols/17.png","type":"IMAGE"},{"path":"symbols/271.png","type":"IMAGE"},{"path":"symbols/41.png","type":"IMAGE"},{"path":"symbols/48.png","type":"IMAGE"},{"path":"symbols/114.png","type":"IMAGE"},{"path":"symbols/117.png","type":"IMAGE"},{"path":"symbols/60.png","type":"IMAGE"},{"path":"symbols/121.png","type":"IMAGE"},{"path":"symbols/124.png","type":"IMAGE"},{"path":"symbols/127.png","type":"IMAGE"},{"path":"symbols/130.png","type":"IMAGE"},{"path":"symbols/102.png","type":"IMAGE"},{"path":"symbols/107.png","type":"IMAGE"},{"path":"symbols/110.png","type":"IMAGE"},{"path":"symbols/148.png","type":"IMAGE"},{"path":"symbols/52.png","type":"IMAGE"},{"path":"symbols/54.png","type":"IMAGE"},{"path":"symbols/57.png","type":"IMAGE"},{"path":"symbols/63.png","type":"IMAGE"},{"path":"symbols/67.png","type":"IMAGE"},{"path":"symbols/70.png","type":"IMAGE"},{"path":"symbols/73.png","type":"IMAGE"},{"path":"symbols/28.png","type":"IMAGE"},{"path":"symbols/77.png","type":"IMAGE"},{"path":"symbols/80.png","type":"IMAGE"},{"path":"symbols/83.png","type":"IMAGE"},{"path":"symbols/86.png","type":"IMAGE"},{"path":"symbols/90.png","type":"IMAGE"},{"path":"symbols/93.png","type":"IMAGE"},{"path":"symbols/32.png","type":"IMAGE"},{"path":"symbols/35.png","type":"IMAGE"},{"path":"symbols/96.png","type":"IMAGE"},{"path":"symbols/99.png","type":"IMAGE"},{"path":"symbols/26.png","type":"IMAGE"},{"path":"symbols/14.png","type":"IMAGE"},{"path":"data.json","type":"TEXT"}],"rootPath":null,"version":3,"libraryArgs":["data.json","yZRK57bW1Kn32nUL4sPY"],"libraryType":"swf.exporters.animate.AnimateLibrary"}