{"root":0,"uuid":"iLwXQfGGbhHwT0iigQrA","version":0.1,"symbols":[{"type":5,"frames":[{"objects":[{"name":null,"type":0,"depth":1,"symbol":28,"clipDepth":0,"id":32,"matrix":[1,0,0,1,8368,5520]}]}]},{"path":"symbols/13.png","type":0,"id":13},{"type":5,"id":27,"frames":[{"objects":[{"name":null,"type":0,"depth":1,"symbol":26,"clipDepth":0,"id":0,"matrix":[1,0,0,1,0,0]}]}]},{"type":5,"id":12,"frames":[{"objects":[{"type":0,"depth":0,"symbol":11,"clipDepth":0,"id":0,"visible":true,"matrix":[0.665985107421875,0,0,0.665985107421875,-1702,-822]}]}]},{"type":5,"id":26,"frames":[{"objects":[{"type":0,"depth":0,"symbol":25,"clipDepth":0,"id":0,"visible":true,"matrix":[0.665985107421875,0,0,0.665985107421875,2,1]}]}]},{"path":"symbols/11.png","type":0,"id":11},{"path":"symbols/25.png","type":0,"id":25},{"type":5,"id":10,"frames":[{"objects":[{"name":null,"type":0,"depth":1,"symbol":9,"clipDepth":0,"id":0,"matrix":[1,0,0,1,0,0]}]}]},{"type":5,"id":24,"frames":[{"objects":[{"name":null,"type":0,"depth":1,"symbol":23,"clipDepth":0,"id":0,"matrix":[1,0,0,1,0,0]}]}]},{"type":5,"id":9,"frames":[{"objects":[{"type":0,"depth":0,"symbol":8,"clipDepth":0,"id":0,"visible":true,"matrix":[0.665985107421875,0,0,0.665985107421875,4,2]}]}]},{"type":5,"id":23,"frames":[{"objects":[{"type":0,"depth":0,"symbol":22,"clipDepth":0,"id":0,"visible":true,"matrix":[0.665985107421875,0,0,0.665985107421875,2,3]}]}]},{"path":"symbols/8.png","type":0,"id":8},{"path":"symbols/22.png","type":0,"id":22},{"type":5,"id":7,"frames":[{"objects":[{"type":0,"depth":0,"symbol":6,"clipDepth":0,"id":0,"visible":true,"matrix":[0.665985107421875,0,0,0.665985107421875,-1761,-895]}]}]},{"type":5,"id":21,"frames":[{"objects":[{"name":null,"type":0,"depth":1,"symbol":20,"clipDepth":0,"id":0,"matrix":[1,0,0,1,0,0]}]}]},{"path":"symbols/6.png","type":0,"id":6},{"type":5,"id":20,"frames":[{"objects":[{"type":0,"depth":0,"symbol":19,"clipDepth":0,"id":0,"visible":true,"matrix":[0.665985107421875,0,0,0.665985107421875,2,0]}]}]},{"type":5,"id":5,"frames":[{"objects":[{"name":null,"type":0,"depth":1,"symbol":4,"clipDepth":0,"id":0,"matrix":[1,0,0,1,0,0]}]}]},{"path":"symbols/19.png","type":0,"id":19},{"type":5,"id":4,"frames":[{"objects":[{"type":0,"depth":0,"symbol":3,"clipDepth":0,"id":0,"visible":true,"matrix":[0.665985107421875,0,0,0.665985107421875,3,2]}]}]},{"type":5,"id":18,"frames":[{"objects":[{"name":null,"type":0,"depth":1,"symbol":17,"clipDepth":0,"id":0,"matrix":[1,0,0,1,0,0]}]}]},{"path":"symbols/3.png","type":0,"id":3},{"type":5,"id":17,"frames":[{"objects":[{"type":0,"depth":0,"symbol":16,"clipDepth":0,"id":0,"visible":true,"matrix":[0.665985107421875,0,0,0.665985107421875,-1,2]}]}]},{"type":5,"id":2,"frames":[{"objects":[{"type":0,"depth":0,"symbol":1,"clipDepth":0,"id":0,"visible":true,"matrix":[0.665985107421875,0,0,0.665985107421875,-2034,-2298]}]}]},{"path":"symbols/16.png","type":0,"id":16},{"path":"symbols/1.png","type":0,"id":1},{"type":5,"id":15,"frames":[{"objects":[{"name":null,"type":0,"depth":1,"symbol":14,"clipDepth":0,"id":0,"matrix":[1,0,0,1,0,0]}]}]},{"type":5,"id":14,"frames":[{"objects":[{"type":0,"depth":0,"symbol":13,"clipDepth":0,"id":0,"visible":true,"matrix":[0.665985107421875,0,0,0.665985107421875,2,0]}]}]},{"type":5,"className":"btnmg","baseClassName":null,"id":28,"frames":[{"labels":["idle"],"objects":[{"name":null,"type":0,"depth":1,"symbol":2,"clipDepth":0,"id":1,"matrix":[1,0,0,1,0,0]},{"name":null,"type":0,"depth":2,"symbol":5,"clipDepth":0,"id":2,"matrix":[0.983261108398438,0.182235717773438,-0.182235717773438,0.983261108398438,-1692,-2238]},{"name":null,"type":0,"depth":6,"symbol":7,"clipDepth":0,"id":3,"matrix":[1,0,0,1,0,0]},{"name":null,"type":0,"depth":7,"symbol":10,"clipDepth":0,"id":4,"matrix":[0.983261108398438,0.182235717773438,-0.182235717773438,0.983261108398438,-1654,-2169]},{"name":null,"type":0,"depth":11,"symbol":12,"clipDepth":0,"id":5,"matrix":[1,0,0,1,0,0]},{"name":null,"type":0,"depth":12,"symbol":15,"clipDepth":0,"id":6,"matrix":[1,0,0,1,-1438,-922]},{"name":null,"type":0,"depth":14,"symbol":15,"clipDepth":0,"id":7,"matrix":[-1,0,0,1,-518,-922]}]},{},{"objects":[{"name":null,"type":0,"depth":16,"symbol":18,"clipDepth":0,"id":10,"matrix":[1,0,0,1,-1403,-1324]}]},{},{"objects":[{"name":null,"type":0,"depth":16,"symbol":21,"clipDepth":0,"id":14,"matrix":[1,0,0,1,-1400,-1321]},{"type":2,"id":10}]},{},{"objects":[{"name":null,"type":0,"depth":16,"symbol":18,"clipDepth":0,"id":18,"matrix":[1,0,0,1,-1403,-1324]},{"type":2,"id":14}]},{},{"objects":[{"type":2,"id":18}]},{},{},{},{},{"objects":[{"name":null,"type":0,"depth":16,"symbol":18,"clipDepth":0,"id":27,"matrix":[1,0,0,1,-1403,-1324]}]},{},{"objects":[{"name":null,"type":0,"depth":16,"symbol":21,"clipDepth":0,"id":31,"matrix":[1,0,0,1,-1400,-1321]},{"type":2,"id":27}]},{},{"objects":[{"name":null,"type":0,"depth":16,"symbol":18,"clipDepth":0,"id":35,"matrix":[1,0,0,1,-1403,-1324]},{"type":2,"id":31}]},{},{"objects":[{"type":2,"id":35}]},{},{},{"objects":[{"name":null,"type":1,"depth":2,"symbol":5,"clipDepth":0,"id":2,"matrix":[0.987045288085938,0.157257080078125,-0.157257080078125,0.987045288085938,-1730,-2218]},{"name":null,"type":1,"depth":7,"symbol":10,"clipDepth":0,"id":4,"matrix":[0.987045288085938,0.157257080078125,-0.157257080078125,0.987045288085938,-1690,-2150]},{"name":null,"type":1,"depth":14,"symbol":15,"clipDepth":0,"id":7,"matrix":[-0.996200561523438,-0.083892822265625,-0.083892822265625,0.996200561523438,-464,-949]}]},{"objects":[{"name":null,"type":1,"depth":2,"symbol":5,"clipDepth":0,"id":2,"matrix":[0.990341186523438,0.135391235351563,-0.135391235351563,0.990341186523438,-1762,-2201]},{"name":null,"type":1,"depth":7,"symbol":10,"clipDepth":0,"id":4,"matrix":[0.990341186523438,0.135391235351563,-0.135391235351563,0.990341186523438,-1721,-2135]},{"name":null,"type":1,"depth":14,"symbol":15,"clipDepth":0,"id":7,"matrix":[-0.98480224609375,-0.170425415039063,-0.170425415039063,0.98480224609375,-411,-976]}]},{"objects":[{"name":null,"type":1,"depth":2,"symbol":5,"clipDepth":0,"id":2,"matrix":[0.9931640625,0.113494873046875,-0.113494873046875,0.9931640625,-1793,-2185]},{"name":null,"type":0,"depth":4,"symbol":24,"clipDepth":0,"id":51,"matrix":[1,0,0,1,-1132,-1091]},{"name":null,"type":1,"depth":7,"symbol":10,"clipDepth":0,"id":4,"matrix":[0.9931640625,0.113494873046875,-0.113494873046875,0.9931640625,-1751,-2118]},{"name":null,"type":0,"depth":9,"symbol":27,"clipDepth":0,"id":53,"matrix":[1,0,0,1,-1074,-1030]},{"name":null,"type":1,"depth":14,"symbol":15,"clipDepth":0,"id":7,"matrix":[-0.965927124023438,-0.258804321289063,-0.258804321289063,0.965927124023438,-357,-1002]}]},{"objects":[{"name":null,"type":1,"depth":2,"symbol":5,"clipDepth":0,"id":2,"matrix":[0.995498657226563,0.091522216796875,-0.091522216796875,0.995498657226563,-1826,-2165]},{"name":null,"type":1,"depth":4,"symbol":24,"clipDepth":0,"id":51,"matrix":[1,0,0,1,-1091,-1134]},{"name":null,"type":1,"depth":7,"symbol":10,"clipDepth":0,"id":4,"matrix":[0.995498657226563,0.091522216796875,-0.091522216796875,0.995498657226563,-1782,-2100]},{"name":null,"type":1,"depth":9,"symbol":27,"clipDepth":0,"id":53,"matrix":[1,0,0,1,-1033,-1073]},{"name":null,"type":1,"depth":14,"symbol":15,"clipDepth":0,"id":7,"colorTransform":[20,20,20,11,0,0,0,0],"matrix":[-0.866012573242188,-0.497146606445313,-0.497146606445313,0.866012573242188,-283,-979]}]},{"objects":[{"name":null,"type":1,"depth":2,"symbol":5,"clipDepth":0,"id":2,"matrix":[0.997573852539063,0.0662384033203125,-0.0662384033203125,0.997573852539063,-1863,-2144]},{"name":null,"type":1,"depth":4,"symbol":24,"clipDepth":0,"id":51,"matrix":[1,0,0,1,-1050,-1177]},{"name":null,"type":1,"depth":7,"symbol":10,"clipDepth":0,"id":4,"matrix":[0.997573852539063,0.0662384033203125,-0.0662384033203125,0.997573852539063,-1817,-2080]},{"name":null,"type":1,"depth":9,"symbol":27,"clipDepth":0,"id":53,"matrix":[1,0,0,1,-992,-1116]},{"name":null,"type":1,"depth":14,"symbol":15,"clipDepth":0,"id":7,"colorTransform":[20,20,20,1,0,0,0,0],"matrix":[-0.707107543945313,-0.70709228515625,-0.70709228515625,0.707107543945313,-225,-955]}]},{"objects":[{"name":null,"type":1,"depth":2,"symbol":5,"clipDepth":0,"id":2,"matrix":[0.998855590820313,0.0441741943359375,-0.0441741943359375,0.998855590820313,-1893,-2124]},{"name":null,"type":1,"depth":4,"symbol":24,"clipDepth":0,"id":51,"matrix":[1,0,0,1,-1008,-1219]},{"name":null,"type":1,"depth":7,"symbol":10,"clipDepth":0,"id":4,"matrix":[0.998855590820313,0.0441741943359375,-0.0441741943359375,0.998855590820313,-1847,-2062]},{"name":null,"type":1,"depth":9,"symbol":27,"clipDepth":0,"id":53,"matrix":[1,0,0,1,-950,-1158]},{"type":2,"id":7}]},{"objects":[{"name":null,"type":1,"depth":2,"symbol":5,"clipDepth":0,"id":2,"matrix":[0.999649047851563,0.0221099853515625,-0.0221099853515625,0.999649047851563,-1924,-2104]},{"name":null,"type":1,"depth":4,"symbol":24,"clipDepth":0,"id":51,"matrix":[1,0,0,1,-967,-1262]},{"name":null,"type":1,"depth":7,"symbol":10,"clipDepth":0,"id":4,"matrix":[0.999649047851563,0.0221099853515625,-0.0221099853515625,0.999649047851563,-1875,-2042]},{"name":null,"type":1,"depth":9,"symbol":27,"clipDepth":0,"id":53,"matrix":[1,0,0,1,-909,-1201]}]},{"objects":[{"name":null,"type":1,"depth":2,"symbol":5,"clipDepth":0,"id":2,"matrix":[0.999984741210938,1.52587890625e-05,-1.52587890625e-05,0.999984741210938,-1955,-2081]},{"name":null,"type":1,"depth":4,"symbol":24,"clipDepth":0,"id":51,"matrix":[1,0,0,1,-926,-1305]},{"name":null,"type":1,"depth":7,"symbol":10,"clipDepth":0,"id":4,"matrix":[0.999984741210938,1.52587890625e-05,-1.52587890625e-05,0.999984741210938,-1904,-2021]},{"name":null,"type":1,"depth":9,"symbol":27,"clipDepth":0,"id":53,"matrix":[1,0,0,1,-866,-1245]}]},{},{"objects":[{"name":null,"type":1,"depth":4,"symbol":24,"clipDepth":0,"id":51,"matrix":[0.999053955078125,0.04034423828125,-0.04034423828125,0.999053955078125,-904,-1310]},{"name":null,"type":1,"depth":9,"symbol":27,"clipDepth":0,"id":53,"matrix":[0.999053955078125,0.04034423828125,-0.04034423828125,0.999053955078125,-847,-1248]}]},{"objects":[{"name":null,"type":1,"depth":4,"symbol":24,"clipDepth":0,"id":51,"matrix":[0.996200561523438,0.083892822265625,-0.083892822265625,0.996200561523438,-881,-1315]},{"name":null,"type":1,"depth":9,"symbol":27,"clipDepth":0,"id":53,"matrix":[0.996200561523438,0.083892822265625,-0.083892822265625,0.996200561523438,-827,-1250]}]},{"objects":[{"name":null,"type":1,"depth":4,"symbol":24,"clipDepth":0,"id":51,"matrix":[0.991439819335938,0.127273559570313,-0.127273559570313,0.991439819335938,-857,-1318]},{"name":null,"type":1,"depth":9,"symbol":27,"clipDepth":0,"id":53,"matrix":[0.991439819335938,0.127273559570313,-0.127273559570313,0.991439819335938,-806,-1251]}]},{"objects":[{"name":null,"type":1,"depth":4,"symbol":24,"clipDepth":0,"id":51,"matrix":[0.98480224609375,0.170425415039063,-0.170425415039063,0.98480224609375,-833,-1320]},{"name":null,"type":1,"depth":9,"symbol":27,"clipDepth":0,"id":53,"matrix":[0.98480224609375,0.170425415039063,-0.170425415039063,0.98480224609375,-784,-1252]}]},{"objects":[{"name":null,"type":1,"depth":4,"symbol":24,"clipDepth":0,"id":51,"matrix":[0.976303100585938,0.213241577148438,-0.213241577148438,0.976303100585938,-809,-1320]},{"name":null,"type":1,"depth":9,"symbol":27,"clipDepth":0,"id":53,"matrix":[0.976303100585938,0.213241577148438,-0.213241577148438,0.976303100585938,-763,-1250]}]},{"objects":[{"name":null,"type":1,"depth":4,"symbol":24,"clipDepth":0,"id":51,"matrix":[0.965927124023438,0.258804321289063,-0.258804321289063,0.965927124023438,-783,-1322]},{"name":null,"type":1,"depth":9,"symbol":27,"clipDepth":0,"id":53,"matrix":[0.965927124023438,0.258804321289063,-0.258804321289063,0.965927124023438,-741,-1248]}]},{},{"objects":[{"name":null,"type":1,"depth":4,"symbol":24,"clipDepth":0,"id":51,"matrix":[0.976303100585938,0.213241577148438,-0.213241577148438,0.976303100585938,-810,-1321]},{"name":null,"type":1,"depth":9,"symbol":27,"clipDepth":0,"id":53,"matrix":[0.976303100585938,0.213241577148438,-0.213241577148438,0.976303100585938,-763,-1249]}]},{"objects":[{"name":null,"type":1,"depth":4,"symbol":24,"clipDepth":0,"id":51,"matrix":[0.98480224609375,0.170425415039063,-0.170425415039063,0.98480224609375,-833,-1319]},{"name":null,"type":1,"depth":9,"symbol":27,"clipDepth":0,"id":53,"matrix":[0.98480224609375,0.170425415039063,-0.170425415039063,0.98480224609375,-785,-1249]}]},{"objects":[{"name":null,"type":1,"depth":4,"symbol":24,"clipDepth":0,"id":51,"matrix":[0.991439819335938,0.127273559570313,-0.127273559570313,0.991439819335938,-858,-1318]},{"name":null,"type":1,"depth":9,"symbol":27,"clipDepth":0,"id":53,"matrix":[0.991439819335938,0.127273559570313,-0.127273559570313,0.991439819335938,-805,-1250]}]},{"objects":[{"name":null,"type":1,"depth":4,"symbol":24,"clipDepth":0,"id":51,"matrix":[0.996200561523438,0.083892822265625,-0.083892822265625,0.996200561523438,-881,-1315]},{"name":null,"type":1,"depth":9,"symbol":27,"clipDepth":0,"id":53,"matrix":[0.996200561523438,0.083892822265625,-0.083892822265625,0.996200561523438,-826,-1248]}]},{"objects":[{"name":null,"type":1,"depth":4,"symbol":24,"clipDepth":0,"id":51,"matrix":[0.999038696289063,0.04034423828125,-0.04034423828125,0.999038696289063,-905,-1311]},{"name":null,"type":1,"depth":9,"symbol":27,"clipDepth":0,"id":53,"matrix":[0.999038696289063,0.04034423828125,-0.04034423828125,0.999038696289063,-847,-1246]}]},{"objects":[{"name":null,"type":1,"depth":4,"symbol":24,"clipDepth":0,"id":51,"matrix":[1,0,0,1,-926,-1305]},{"name":null,"type":1,"depth":9,"symbol":27,"clipDepth":0,"id":53,"matrix":[1,0,0,1,-866,-1245]}]},{},{"objects":[{"name":null,"type":1,"depth":4,"symbol":24,"clipDepth":0,"id":51,"matrix":[0.999053955078125,0.04034423828125,-0.04034423828125,0.999053955078125,-904,-1310]},{"name":null,"type":1,"depth":9,"symbol":27,"clipDepth":0,"id":53,"matrix":[0.999053955078125,0.04034423828125,-0.04034423828125,0.999053955078125,-847,-1248]}]},{"objects":[{"name":null,"type":1,"depth":4,"symbol":24,"clipDepth":0,"id":51,"matrix":[0.996200561523438,0.083892822265625,-0.083892822265625,0.996200561523438,-881,-1315]},{"name":null,"type":1,"depth":9,"symbol":27,"clipDepth":0,"id":53,"matrix":[0.996200561523438,0.083892822265625,-0.083892822265625,0.996200561523438,-827,-1250]}]},{"objects":[{"name":null,"type":1,"depth":4,"symbol":24,"clipDepth":0,"id":51,"matrix":[0.991439819335938,0.127273559570313,-0.127273559570313,0.991439819335938,-857,-1318]},{"name":null,"type":1,"depth":9,"symbol":27,"clipDepth":0,"id":53,"matrix":[0.991439819335938,0.127273559570313,-0.127273559570313,0.991439819335938,-806,-1251]}]},{"objects":[{"name":null,"type":1,"depth":4,"symbol":24,"clipDepth":0,"id":51,"matrix":[0.98480224609375,0.170425415039063,-0.170425415039063,0.98480224609375,-833,-1320]},{"name":null,"type":1,"depth":9,"symbol":27,"clipDepth":0,"id":53,"matrix":[0.98480224609375,0.170425415039063,-0.170425415039063,0.98480224609375,-784,-1252]}]},{"objects":[{"name":null,"type":1,"depth":4,"symbol":24,"clipDepth":0,"id":51,"matrix":[0.976303100585938,0.213241577148438,-0.213241577148438,0.976303100585938,-809,-1320]},{"name":null,"type":1,"depth":9,"symbol":27,"clipDepth":0,"id":53,"matrix":[0.976303100585938,0.213241577148438,-0.213241577148438,0.976303100585938,-763,-1250]}]},{"objects":[{"name":null,"type":1,"depth":4,"symbol":24,"clipDepth":0,"id":51,"matrix":[0.965927124023438,0.258804321289063,-0.258804321289063,0.965927124023438,-783,-1322]},{"name":null,"type":1,"depth":9,"symbol":27,"clipDepth":0,"id":53,"matrix":[0.965927124023438,0.258804321289063,-0.258804321289063,0.965927124023438,-741,-1248]}]},{},{"objects":[{"name":null,"type":1,"depth":4,"symbol":24,"clipDepth":0,"id":51,"matrix":[0.976303100585938,0.213241577148438,-0.213241577148438,0.976303100585938,-810,-1321]},{"name":null,"type":1,"depth":9,"symbol":27,"clipDepth":0,"id":53,"matrix":[0.976303100585938,0.213241577148438,-0.213241577148438,0.976303100585938,-763,-1249]}]},{"objects":[{"name":null,"type":1,"depth":4,"symbol":24,"clipDepth":0,"id":51,"matrix":[0.98480224609375,0.170425415039063,-0.170425415039063,0.98480224609375,-833,-1319]},{"name":null,"type":1,"depth":9,"symbol":27,"clipDepth":0,"id":53,"matrix":[0.98480224609375,0.170425415039063,-0.170425415039063,0.98480224609375,-785,-1249]}]},{"objects":[{"name":null,"type":1,"depth":4,"symbol":24,"clipDepth":0,"id":51,"matrix":[0.991439819335938,0.127273559570313,-0.127273559570313,0.991439819335938,-858,-1318]},{"name":null,"type":1,"depth":9,"symbol":27,"clipDepth":0,"id":53,"matrix":[0.991439819335938,0.127273559570313,-0.127273559570313,0.991439819335938,-805,-1250]}]},{"objects":[{"name":null,"type":1,"depth":4,"symbol":24,"clipDepth":0,"id":51,"matrix":[0.996200561523438,0.083892822265625,-0.083892822265625,0.996200561523438,-881,-1315]},{"name":null,"type":1,"depth":9,"symbol":27,"clipDepth":0,"id":53,"matrix":[0.996200561523438,0.083892822265625,-0.083892822265625,0.996200561523438,-826,-1248]}]},{"objects":[{"name":null,"type":1,"depth":4,"symbol":24,"clipDepth":0,"id":51,"matrix":[0.999038696289063,0.04034423828125,-0.04034423828125,0.999038696289063,-905,-1311]},{"name":null,"type":1,"depth":9,"symbol":27,"clipDepth":0,"id":53,"matrix":[0.999038696289063,0.04034423828125,-0.04034423828125,0.999038696289063,-847,-1246]}]},{"objects":[{"name":null,"type":1,"depth":4,"symbol":24,"clipDepth":0,"id":51,"matrix":[1,0,0,1,-926,-1305]},{"name":null,"type":1,"depth":9,"symbol":27,"clipDepth":0,"id":53,"matrix":[1,0,0,1,-866,-1245]}]},{},{"objects":[{"name":null,"type":1,"depth":4,"symbol":24,"clipDepth":0,"id":51,"matrix":[0.999053955078125,0.04034423828125,-0.04034423828125,0.999053955078125,-904,-1310]},{"name":null,"type":1,"depth":9,"symbol":27,"clipDepth":0,"id":53,"matrix":[0.999053955078125,0.04034423828125,-0.04034423828125,0.999053955078125,-847,-1248]}]},{"objects":[{"name":null,"type":1,"depth":4,"symbol":24,"clipDepth":0,"id":51,"matrix":[0.996200561523438,0.083892822265625,-0.083892822265625,0.996200561523438,-881,-1315]},{"name":null,"type":1,"depth":9,"symbol":27,"clipDepth":0,"id":53,"matrix":[0.996200561523438,0.083892822265625,-0.083892822265625,0.996200561523438,-827,-1250]}]},{"objects":[{"name":null,"type":1,"depth":4,"symbol":24,"clipDepth":0,"id":51,"matrix":[0.991439819335938,0.127273559570313,-0.127273559570313,0.991439819335938,-857,-1318]},{"name":null,"type":1,"depth":9,"symbol":27,"clipDepth":0,"id":53,"matrix":[0.991439819335938,0.127273559570313,-0.127273559570313,0.991439819335938,-806,-1251]}]},{"objects":[{"name":null,"type":1,"depth":4,"symbol":24,"clipDepth":0,"id":51,"matrix":[0.98480224609375,0.170425415039063,-0.170425415039063,0.98480224609375,-833,-1320]},{"name":null,"type":1,"depth":9,"symbol":27,"clipDepth":0,"id":53,"matrix":[0.98480224609375,0.170425415039063,-0.170425415039063,0.98480224609375,-784,-1252]}]},{"objects":[{"name":null,"type":1,"depth":4,"symbol":24,"clipDepth":0,"id":51,"matrix":[0.976303100585938,0.213241577148438,-0.213241577148438,0.976303100585938,-809,-1320]},{"name":null,"type":1,"depth":9,"symbol":27,"clipDepth":0,"id":53,"matrix":[0.976303100585938,0.213241577148438,-0.213241577148438,0.976303100585938,-763,-1250]}]},{"objects":[{"name":null,"type":1,"depth":4,"symbol":24,"clipDepth":0,"id":51,"matrix":[0.965927124023438,0.258804321289063,-0.258804321289063,0.965927124023438,-783,-1322]},{"name":null,"type":1,"depth":9,"symbol":27,"clipDepth":0,"id":53,"matrix":[0.965927124023438,0.258804321289063,-0.258804321289063,0.965927124023438,-741,-1248]}]},{},{"objects":[{"name":null,"type":1,"depth":4,"symbol":24,"clipDepth":0,"id":51,"matrix":[0.976303100585938,0.213241577148438,-0.213241577148438,0.976303100585938,-810,-1321]},{"name":null,"type":1,"depth":9,"symbol":27,"clipDepth":0,"id":53,"matrix":[0.976303100585938,0.213241577148438,-0.213241577148438,0.976303100585938,-763,-1249]}]},{"objects":[{"name":null,"type":1,"depth":4,"symbol":24,"clipDepth":0,"id":51,"matrix":[0.98480224609375,0.170425415039063,-0.170425415039063,0.98480224609375,-833,-1319]},{"name":null,"type":1,"depth":9,"symbol":27,"clipDepth":0,"id":53,"matrix":[0.98480224609375,0.170425415039063,-0.170425415039063,0.98480224609375,-785,-1249]}]},{"objects":[{"name":null,"type":1,"depth":4,"symbol":24,"clipDepth":0,"id":51,"matrix":[0.991439819335938,0.127273559570313,-0.127273559570313,0.991439819335938,-858,-1318]},{"name":null,"type":1,"depth":9,"symbol":27,"clipDepth":0,"id":53,"matrix":[0.991439819335938,0.127273559570313,-0.127273559570313,0.991439819335938,-805,-1250]}]},{"objects":[{"name":null,"type":1,"depth":4,"symbol":24,"clipDepth":0,"id":51,"matrix":[0.996200561523438,0.083892822265625,-0.083892822265625,0.996200561523438,-881,-1315]},{"name":null,"type":1,"depth":9,"symbol":27,"clipDepth":0,"id":53,"matrix":[0.996200561523438,0.083892822265625,-0.083892822265625,0.996200561523438,-826,-1248]}]},{"objects":[{"name":null,"type":1,"depth":4,"symbol":24,"clipDepth":0,"id":51,"matrix":[0.999038696289063,0.04034423828125,-0.04034423828125,0.999038696289063,-905,-1311]},{"name":null,"type":1,"depth":9,"symbol":27,"clipDepth":0,"id":53,"matrix":[0.999038696289063,0.04034423828125,-0.04034423828125,0.999038696289063,-847,-1246]}]},{"objects":[{"name":null,"type":1,"depth":4,"symbol":24,"clipDepth":0,"id":51,"matrix":[1,0,0,1,-926,-1305]},{"name":null,"type":1,"depth":9,"symbol":27,"clipDepth":0,"id":53,"matrix":[1,0,0,1,-866,-1245]}]},{},{"objects":[{"name":null,"type":1,"depth":2,"symbol":5,"clipDepth":0,"id":2,"matrix":[0.999664306640625,0.0220947265625,-0.0220947265625,0.999664306640625,-1924,-2101]},{"name":null,"type":1,"depth":4,"symbol":24,"clipDepth":0,"id":51,"matrix":[1,0,0,1,-967,-1262]},{"name":null,"type":1,"depth":7,"symbol":10,"clipDepth":0,"id":4,"matrix":[0.999664306640625,0.0220947265625,-0.0220947265625,0.999664306640625,-1874,-2040]},{"name":null,"type":1,"depth":9,"symbol":27,"clipDepth":0,"id":53,"matrix":[1,0,0,1,-907,-1202]}]},{"objects":[{"name":null,"type":1,"depth":2,"symbol":5,"clipDepth":0,"id":2,"matrix":[0.998855590820313,0.0441741943359375,-0.0441741943359375,0.998855590820313,-1894,-2123]},{"name":null,"type":1,"depth":4,"symbol":24,"clipDepth":0,"id":51,"matrix":[1,0,0,1,-1008,-1219]},{"name":null,"type":1,"depth":7,"symbol":10,"clipDepth":0,"id":4,"matrix":[0.998855590820313,0.0441741943359375,-0.0441741943359375,0.998855590820313,-1846,-2061]},{"name":null,"type":1,"depth":9,"symbol":27,"clipDepth":0,"id":53,"matrix":[1,0,0,1,-948,-1159]}]},{"objects":[{"name":null,"type":1,"depth":2,"symbol":5,"clipDepth":0,"id":2,"matrix":[0.997573852539063,0.06622314453125,-0.06622314453125,0.997573852539063,-1862,-2142]},{"name":null,"type":1,"depth":4,"symbol":24,"clipDepth":0,"id":51,"matrix":[1,0,0,1,-1050,-1177]},{"name":null,"type":1,"depth":7,"symbol":10,"clipDepth":0,"id":4,"matrix":[0.997573852539063,0.06622314453125,-0.06622314453125,0.997573852539063,-1815,-2079]},{"name":null,"type":1,"depth":9,"symbol":27,"clipDepth":0,"id":53,"matrix":[1,0,0,1,-990,-1117]},{"name":null,"type":0,"depth":14,"symbol":15,"clipDepth":0,"id":213,"colorTransform":[20,20,20,1,0,0,0,0],"matrix":[-0.707107543945313,-0.70709228515625,-0.70709228515625,0.707107543945313,-225,-955]}]},{"objects":[{"name":null,"type":1,"depth":2,"symbol":5,"clipDepth":0,"id":2,"matrix":[0.995498657226563,0.0915069580078125,-0.0915069580078125,0.995498657226563,-1827,-2165]},{"name":null,"type":1,"depth":4,"symbol":24,"clipDepth":0,"id":51,"matrix":[1,0,0,1,-1091,-1134]},{"name":null,"type":1,"depth":7,"symbol":10,"clipDepth":0,"id":4,"matrix":[0.995498657226563,0.0915069580078125,-0.0915069580078125,0.995498657226563,-1781,-2100]},{"name":null,"type":1,"depth":9,"symbol":27,"clipDepth":0,"id":53,"matrix":[1,0,0,1,-1031,-1074]},{"name":null,"type":1,"depth":14,"symbol":15,"clipDepth":0,"id":213,"colorTransform":[20,20,20,11,0,0,0,0],"matrix":[-0.866012573242188,-0.497146606445313,-0.497146606445313,0.866012573242188,-285,-980]}]},{"objects":[{"name":null,"type":1,"depth":2,"symbol":5,"clipDepth":0,"id":2,"matrix":[0.9931640625,0.113479614257813,-0.113479614257813,0.9931640625,-1796,-2183]},{"name":null,"type":1,"depth":4,"symbol":24,"clipDepth":0,"id":51,"matrix":[1,0,0,1,-1132,-1091]},{"name":null,"type":1,"depth":7,"symbol":10,"clipDepth":0,"id":4,"matrix":[0.9931640625,0.113479614257813,-0.113479614257813,0.9931640625,-1752,-2117]},{"name":null,"type":1,"depth":9,"symbol":27,"clipDepth":0,"id":53,"matrix":[1,0,0,1,-1074,-1030]},{"name":null,"type":1,"depth":14,"symbol":15,"clipDepth":0,"id":213,"colorTransform":[20,20,20,20,0,0,0,0],"matrix":[-0.965927124023438,-0.258804321289063,-0.258804321289063,0.965927124023438,-357,-1002]}]},{"objects":[{"name":null,"type":1,"depth":2,"symbol":5,"clipDepth":0,"id":2,"matrix":[0.990341186523438,0.135391235351563,-0.135391235351563,0.990341186523438,-1762,-2201]},{"name":null,"type":1,"depth":7,"symbol":10,"clipDepth":0,"id":4,"matrix":[0.990341186523438,0.135391235351563,-0.135391235351563,0.990341186523438,-1720,-2135]},{"name":null,"type":1,"depth":14,"symbol":15,"clipDepth":0,"id":213,"matrix":[-0.98480224609375,-0.170425415039063,-0.170425415039063,0.98480224609375,-409,-977]},{"type":2,"id":53},{"type":2,"id":51}]},{"objects":[{"name":null,"type":1,"depth":2,"symbol":5,"clipDepth":0,"id":2,"matrix":[0.987045288085938,0.157241821289063,-0.157241821289063,0.987045288085938,-1731,-2217]},{"name":null,"type":1,"depth":7,"symbol":10,"clipDepth":0,"id":4,"matrix":[0.987045288085938,0.157241821289063,-0.157241821289063,0.987045288085938,-1689,-2150]},{"name":null,"type":1,"depth":14,"symbol":15,"clipDepth":0,"id":213,"matrix":[-0.996200561523438,-0.083892822265625,-0.083892822265625,0.996200561523438,-462,-950]}]},{"objects":[{"name":null,"type":1,"depth":2,"symbol":5,"clipDepth":0,"id":2,"matrix":[0.983261108398438,0.182235717773438,-0.182235717773438,0.983261108398438,-1692,-2238]},{"name":null,"type":1,"depth":7,"symbol":10,"clipDepth":0,"id":4,"matrix":[0.983261108398438,0.182235717773438,-0.182235717773438,0.983261108398438,-1654,-2169]},{"name":null,"type":1,"depth":14,"symbol":15,"clipDepth":0,"id":213,"matrix":[-1,0,0,1,-518,-922]}]},{},{},{},{},{},{},{},{"labels":["hover"],"objects":[{"name":null,"type":1,"depth":2,"symbol":5,"clipDepth":0,"id":2,"matrix":[0.999984741210938,1.52587890625e-05,-1.52587890625e-05,0.999984741210938,-1955,-2081]},{"name":null,"type":0,"depth":4,"symbol":24,"clipDepth":0,"id":251,"matrix":[1,0,0,1,-926,-1305]},{"name":null,"type":1,"depth":7,"symbol":10,"clipDepth":0,"id":4,"matrix":[0.999984741210938,1.52587890625e-05,-1.52587890625e-05,0.999984741210938,-1904,-2021]},{"name":null,"type":0,"depth":9,"symbol":27,"clipDepth":0,"id":253,"matrix":[1,0,0,1,-866,-1245]},{"type":2,"id":213}]},{},{},{},{},{},{},{},{},{}]}],"frameRate":20}