{"name":null,"assets":[{"path":"symbols/60.png","type":"IMAGE"},{"path":"symbols/63.png","type":"IMAGE"},{"path":"symbols/66.png","type":"IMAGE"},{"path":"symbols/70.png","type":"IMAGE"},{"path":"symbols/73.png","type":"IMAGE"},{"path":"symbols/76.png","type":"IMAGE"},{"path":"symbols/87.png","type":"IMAGE"},{"path":"symbols/41.png","type":"IMAGE"},{"path":"symbols/44.png","type":"IMAGE"},{"path":"symbols/93.png","type":"IMAGE"},{"path":"symbols/18.png","type":"IMAGE"},{"path":"symbols/21.png","type":"IMAGE"},{"path":"symbols/24.png","type":"IMAGE"},{"path":"symbols/27.png","type":"IMAGE"},{"path":"symbols/30.png","type":"IMAGE"},{"path":"symbols/32.png","type":"IMAGE"},{"path":"symbols/35.png","type":"IMAGE"},{"path":"symbols/38.png","type":"IMAGE"},{"path":"symbols/47.png","type":"IMAGE"},{"path":"symbols/49.png","type":"IMAGE"},{"path":"symbols/52.png","type":"IMAGE"},{"path":"symbols/12.png","type":"IMAGE"},{"path":"symbols/14.png","type":"IMAGE"},{"path":"symbols/1.png","type":"IMAGE"},{"path":"symbols/4.png","type":"IMAGE"},{"path":"symbols/7.png","type":"IMAGE"},{"path":"data.json","type":"TEXT"}],"rootPath":null,"version":3,"libraryArgs":["data.json","TKT05858XMT2g8uXEXpf"],"libraryType":"swf.exporters.animate.AnimateLibrary"}